{"N": 4, "s_th": 0.5, "ib": 1.802395858835221, "ib_n": 1.802395858835221, "beta_di": 628.3185307179587, "beta_ni": 628.3185307179587, "tau_ni": 50, "tau_di": 50, "tau_ref": 150, "c": 0.6, "range": [-1, 1], "inhibtion": -0.2}