{"N": 4, "s_th": 0.5, "ib": 1.802395858835221, "ib_n": 1.802395858835221, "beta_di": 62831.853071795864, "beta_ni": 62831.853071795864, "tau_ni": 200, "tau_di": 200, "tau_ref": 150, "c": 0.6, "range": [-1, 1], "inhibtion": -0.2}