{"N": 4, "s_th": 0.4, "ib": 1.802395858835221, "ib_n": 1.802395858835221, "tau_ref": 75}