{"N": 4, "s_th": 0.5, "ib": 1.802395858835221, "ib_n": 1.802395858835221, "tau_ref": 150, "c": 0.6, "range": [-1, 1]}